date;word;language
7.Aug2020;Mama;neutral
24.Sep2020;agua;spanish
7.Oct2020;Abuela;spanish
31.Oct2020;luna;spanish
5.Nov2020;Banane;german
15.Nov2020;Pepe;neutral
18.Nov2020;Ball;german
22.Nov2020;más;spanish
23.Nov2020;no;spanish
24.Nov2020;Mami;neutral
1.Dec2020;luz;spanish
4.Dec2020;Auge;german
10.Dec2020;ups;neutral
13.Dec2020;lechita;spanish
15.Dec2020;heiß;german
15.Dec2020;este;spanish
17.Dec2020;hola;spanish
22.Dec2020;nein;german
29.Dec2020;Marta;neutral
5.Jan2021;Juljul;neutral
6.Jan2021;das;german
6.Jan2021;más;spanish
8.Jan2021;árbol;spanish
13.Jan2021;boca;spanish
14.Jan2021;kaputt;german
22.Jan2021;tschüss;german
25.Jan2021;wow;neutral
25.Jan2021;zu;german
26.Jan2021;Bob;neutral
27.Jan2021;leche;spanish
28.Jan2021;Bretzel;german
31.Jan2021;boobie;neutral
1.Feb2021;sol;spanish
2.Feb2021;zapato;spanish
3.Feb2021;Rieke;neutral
4.Feb2021;Aqui’sta;spanish
6.Feb2021;uva;spanish
8.Feb2021;azul;spanish
9.Feb2021;niña;spanish
14.Feb2021;Hüpf;german
14.Feb2021;Achtung;german
15.Feb2021;Bravo;neutral
15.Feb2021;Oma;german
17.Feb2021;Nase;german
20.Feb2021;Spieli;german
21.Feb2021;Licht;german
22.Feb2021;corazón;spanish
22.Feb2021;gracias;spanish
23.Feb2021;ja;german
23.Feb2021;otro;spanish
26.Feb2021;casa;spanish
8.Mar2021;papa;spanish
9.Mar2021;Leo;neutral
9.Mar2021;gut;german
10.Mar2021;Hallo;german
10.Mar2021;pompa;spanish
11.Mar2021;Mario;neutral
13.Mar2021;Sushi;neutral
13.Mar2021;nube;spanish
14.Mar2021;te;spanish
14.Mar2021;Moni;neutral
15.Mar2021;cielo;spanish
15.Mar2021;bubbles;neutral
16.Mar2021;tres;spanish
17.Mar2021;muchacho;spanish
18.Mar2021;calcetín;spanish
19.Mar2021;Apfel;german
19.Mar2021;pulpo;spanish
20.Mar2021;Jonas;neutral
22.Mar2021;asi;spanish
22.Mar2021;ok;neutral
22.Mar2021;chiquito;spanish
23.Mar2021;Noam;neutral
24.Mar2021;Nicola;neutral
26.Mar2021;ahjö;german
27.Mar2021;fuego;spanish
27.Mar2021;Lotte;neutral
30.Mar2021;queso;spanish
31.Mar2021;bici;spanish
31.Mar2021;Katrin;neutral
2.Apr2021;si;spanish
2.Apr2021;Blume;german
3.Apr2021;Pizza;german
4.Apr2021;Pasta;german
6.Apr2021;Markus;neutral
8.Apr2021;Schlüssel;german
10.Apr2021;Fritzi;neutral
11.Apr2021;Auerhahn;german
11.Apr2021;Chu;neutral
12.Apr2021;Popo;german
13.Apr2021;Abi;neutral
13.Apr2021;caca;neutral
15.Apr2021;Barbara;neutral
16.Apr2021;Schuh;german
17.Apr2021;Chrisi;neutral
17.Apr2021;naranja;spanish
17.Apr2021;Auto;german
19.Apr2021;Mühlabfur;german
21.Apr2021;rojo;spanish
21.Apr2021;essen;german
22.Apr2021;Wasser;german
22.Apr2021;Joghurt;spanish
22.Apr2021;runter;german
23.Apr2021;Abuelo;spanish
23.Apr2021;Cashew;german
24.Apr2021;Ohr;german
24.Apr2021;casco;spanish
24.Apr2021;Ana;neutral
24.Apr2021;Taylor;neutral
25.Apr2021;cariñito;spanish
25.Apr2021;da;german
26.Apr2021;Lina;neutral
26.Apr2021;pan;spanish
27.Apr2021;sopa;spanish
29.Apr2021;Sonja;neutral
29.Apr2021;anillo;spanish
30.Apr2021;aguacate;spanish
30.Apr2021;bye;neutral
30.Apr2021;Tio;neutral
30.Apr2021;listo;spanish
30.Apr2021;pie;spanish
30.Apr2021;lentes;spanish
1.May2021;nass;german
1.May2021;silla;spanish
1.May2021;huevo;spanish
1.May2021;Fisch;german
1.May2021;sucio;spanish
2.May2021;limón;spanish
2.May2021;Baum;german
2.May2021;Kirsch;german
2.May2021;adiós;spanish
2.May2021;Handy;german
3.May2021;blau;spanish
2.May2021;Tipi;german
4.May2021;kalt;spanish
4.May2021;mira;spanish
4.May2021;flamingo;spanish
4.May2021;Marin;neutral
5.May2021;lluvia;spanish
6.May2021;Hand;german
6.May2021;weich;german
7.May2021;lecker;german
7.May2021;Peter;neutral
7.May2021;auf;german
7.May2021;mesa;spanish
8.May2021;an;german
8.May2021;super;german
9.May2021;Lisa;neutral
9.May2021;mano;spanish
9.May2021;crema;spanish
10.May2021;sopa;spanish
10.May2021;ojo;spanish
10.May2021;Mais;german
11.May2021;verde;spanish
11.May2021;piña;spanish
11.May2021;pipí;spanish
11.May2021;Dino;german
12.May2021;Ananas;german
12.May2021;planta;spanish
12.May2021;penis;spanish
12.May2021;amarillo;spanish
12.May2021;ropa;spanish
12.May2021;verde;spanish
12.May2021;sucio;spanish
12.May2021;ciao;spanish
12.May2021;AyDios;spanish
13.May2021;Garage;german
13.May2021;auch;german
13.May2021;Tase;german
13.May2021;aceite;spanish
14.May2021;vamos;spanish
14.May2021;malen;german
15.May2021;mehr;german
15.May2021;Uhr;german
16.May2021;ven;spanish
17.May2021;máquina;spanish
17.May2021;fuera;spanish
17.May2021;tapa;spanish
18.May2021;hormiga;spanish
19.May2021;Milch;german
19.May2021;bolsa;spanish
19.May2021;rápido;spanish
19.May2021;juntos;spanish
19.May2021;fresa;spanish
20.May2021;Trage;german
20.May2021;Kaffee;spanish
20.May2021;todos;spanish
21.May2021;Fuß;german
21.May2021;rico;spanish
22.May2021;viento;spanish
22.May2021;hambre;spanish
22.May2021;pelo;spanish
23.May2021;mio;spanish
23.May2021;abajo;spanish
24.May2021;piso;spanish
25.May2021;Ei;german
25.May2021;Maus;german
25.May2021;Stein;german
24.May2021;ich;german
24.May2021;rosa;spanish
25.May2021;Shampoo;spanish
26.May2021;pingo;spanish
27.May2021;cama;spanish
24.May2021;gis;spanish
29.May2021;frío;spanish
29.May2021;yo;spanish
29.May2021;libro;spanish
29.May2021;Nuss;german
29.May2021;Pups;german
30.May2021;dos;spanish
30.May2021;pato;spanish
31.May2021;Nussmuss;german
31.May2021;pañal;spanish
31.May2021;atrás;spanish
1.Jun2021;Gordo;neutral
28.May2021;Koala;german
1.Jun2021;guckmal;german
1.Jun2021;dankeschön;german
2.Jun2021;paso;spanish
2.Jun2021;palo;spanish
2.Jun2021;Pflaster;german
2.Jun2021;grau;german
2.Jun2021;grün;german
29.May2021;raus;german
30.May2021;pierna;spanish
1.Jun2021;Bein;german
3.Jun2021;cabeza;spanish
3.Jun2021;Bagger;german
4.Jun2021;estrella;spanish
4.Jun2021;flor;spanish
4.Jun2021;escucha;spanish
4.Jun2021;freetime;neutral
5.Jun2021;abrazo;spanish
6.Jun2021;abeja;spanish
6.Jun2021;balcón;spanish
6.Jun2021;panda;spanish
6.Jun2021;leer;german
5.Jun2021;fuchi;spanish
5.Jun2021;pinching;neutral
7.Jun2021;cuello;spanish
7.Jun2021;diente;spanish
7.Jun2021;Eimer;german
7.Jun2021;piedra;spanish
7.Jun2021;llave;spanish
7.Jun2021;baño;spanish
5.Jun2021;cuchillo;spanish
8.Jun2021;blau;german
8.Jun2021;Krahn;german
9.Jun2021;balcón;spanish
10.Jun2021;Bett;german
10.Jun2021;uñas;spanish
10.Jun2021;cuarto;spanish
10.Jun2021;Hocker;german
10.Jun2021;oben;v
10.Jun2021;Teller;german
10.Jun2021;pelota;spanish
10.Jun2021;aus;german
10.Jun2021;mit;german
8.Jun2021;freetime;neutral
9.Jun2021;hoch;german
11.Jun2021;Gabel;german
12.Jun2021;Mund;german
12.Jun2021;uno;spanish
12.Jun2021;despierta;spanish
13.Jun2021;fang;german
13.Jun2021;calle;spanish
13.Jun2021;nada;spanish
13.Jun2021;alberca;spanish
13.Jun2021;negro;spanish
13.Jun2021;hamaca;spanish
13.Jun2021;gato;spanish
14.Jun2021;conejo;spanish
14.Jun2021;hielo;spanish
14.Jun2021;Stift;german
14.Jun2021;espalda;spanish
14.Jun2021;Schlafsack;german
14.Jun2021;cuello;spanish
15.Jun2021;Finger;german
16.Jun2021;cocina;spanish
16.Jun2021;moneda;spanish
16.Jun2021;tortilla;spanish
16.Jun2021;Rutsche;german
17.Jun2021;Straße;german
17.Jun2021;Fuchs;german
17.Jun2021;schauen;german
17.Jun2021;Kinderwagen;german
17.Jun2021;Bus;german
17.Jun2021;kuscheln;german
17.Jun2021;plato;spanish
17.Jun2021;caminar;spanish
18.Jun2021;Müsli;german
18.Jun2021;werfen;german
18.Jun2021;klettern;german
18.Jun2021;burbujas;spanish
18.Jun2021;barco;spanish
18.Jun2021;Schwein;german
18.Jun2021;cocina;spanish
18.Jun2021;Wohnzimmer;german
18.Jun2021;baño;spanish
17.Jun2021;perro;spanish
19.Jun2021;jirafa;spanish
19.Jun2021;blanco;spanish
19.Jun2021;hochklettern;german
20.Jun2021;cocodrilo;spanish
20.Jun2021;techo;spanish
20.Jun2021;cargo;spanish
20.Jun2021;Katze;german
20.Jun2021;Couch;german
21.Jun2021;beißen;german
21.Jun2021;flasche;german
21.Jun2021;todos;spanish
22.Jun2021;cuatro;spanish
23.Jun2021;Unterhose;german
23.Jun2021;Gartenmurmel;german
23.Jun2021;espejo;spanish
23.Jun2021;highfive;neutral
24.Jun2021;Heidelbeeren;german
24.Jun2021;Bäuerchen;german
24.Jun2021;tiburón;spanish
24.Jun2021;Bett;german
25.Jun2021;lirón;spanish
25.Jun2021;de nada;spanish
25.Jun2021;noche;spanish
25.Jun2021;baño;spanish
25.Jun2021;kalt;german
25.Jun2021;waschen;german
25.Jun2021;aspirar;spanish
25.Jun2021;morder;spanish
26.Jun2021;so;german
26.Jun2021;durst;german
27.Jun2021;alberca;spanish
27.Jun2021;mucho;spanish
27.Jun2021;Herbst;german
27.Jun2021;Frühling;german
27.Jun2021;Eule;german
27.Jun2021;Fledermaus;german
27.Jun2021;Fuchs;german
27.Jun2021;Decke;german
27.Jun2021;Leiter;german
28.Jun2021;weg;german
28.Jun2021;Zwieback;german
28.Jun2021;Zebra;german
28.Jun2021;Pijama;german
29.Jun2021;Frühstück;german
29.Jun2021;hell;german
29.Jun2021;Taschenrechner;german
29.Jun2021;Bartolito;neutral
29.Jun2021;Buch;german
30.Jun2021;grande;spanish
30.Jun2021;Bahnhof;german
30.Jun2021;cabra;spanish
30.Jun2021;rausschauen;german
30.Jun2021;streicheln;german
2.Jul2021;Rücken;german
1.Jul2021;Schnecke;german
1.Jul2021;hay;spanish
2.Jul2021;está;spanish
2.Jul2021;schwer;german
2.Jul2021;einer;german
3.Jul2021;cayó;spanish
3.Jul2021;Snack;german
3.Jul2021;Papier;german
3.Jul2021;kitzeln;german
4.Jul2021;Glas;german
4.Jul2021;amigo;spanish
1.Jul2021;córrele;spanish
5.Jul2021;messen;german
5.Jul2021;Avocado;german
5.Jul2021;zanahoria;spanish
6.Jul2021;Pulli;german
6.Jul2021;calzón;spanish
6.Jul2021;vier;german
6.Jul2021;sechs;german
6.Jul2021;neun;german
6.Jul2021;acht;german
7.Jul2021;fantasma;spanish
7.Jul2021;blanco;spanish
7.Jul2021;negro;spanish
8.Jul2021;grün;german
10.Jul2021;cereal;spanish
10.Jul2021;Attacke;german
11.Jul2021;Schnittlauch;german
11.Jul2021;Räuber;german
11.Jul2021;diez;spanish
11.Jul2021;ausziehen;german
11.Jul2021;schlucken;german
11.Jul2021;mitkommen;german
11.Jul2021;ya;spanish
12.Jul2021;Schatten;german
12.Jul2021;mundo;spanish
12.Jul2021;mucho;spanish
13.Jul2021;bueno;spanish
15.Jul2021;schwarz;german
15.Jul2021;gis;spanish
15.Jul2021;Kreide;german
15.Jul2021;hier;german
15.Jul2021;tocar;spanish
15.Jul2021;espejo;spanish
16.Jul2021;Bäcker;german
16.Jul2021;Maske;german
17.Jul2021;botas;spanish
17.Jul2021;mantequilla;spanish
17.Jul2021;Wäsche;german
17.Jul2021;Heim;german
16.Jul2021;tocar;spanish
18.Jul2021;grande;spanish
18.Jul2021;Pusteblume;german
18.Jul2021;Brille;german
18.Jul2021;Vogel;german
18.Jul2021;Tischtennis;german
19.Jul2021;Bauch;german
19.Jul2021;tigre;spanish
17.Jul2021;Frischkäse;german
15.Jul2021;shorts;spanish
19.Jul2021;Pferd;german
19.Jul2021;Igel;german
19.Jul2021;ardilla;spanish
20.Jul2021;leer;german
20.Jul2021;Zähne;german
21.Jul2021;Rückwärts;german
21.Jul2021;Vielleicht;german
21.Jul2021;schiess;german
21.Jul2021;Eichhörnchen;german
22.Jul2021;süß;german
22.Jul2021;warm;german
23.Jul2021;Nektarine;german
24.Jul2021;fein;german
24.Jul2021;hipopótamo;spanish
24.Jul2021;oso;spanish
24.Jul2021;foto;spanish
24.Jul2021;maleta;spanish
26.Jul2021;Ausfahrt;german
26.Jul2021;weiter;german
27.Jul2021;jitomate;spanish
27.Jul2021;Zug;german
27.Jul2021;Mond;german
28.Jul2021;fuerte;spanish
28.Jul2021;Búho;spanish
28.Jul2021;Paula;neutral
28.Jul2021;Bär;german
28.Jul2021;Isa;neutral
30.Jul2021;meiner;german
30.Jul2021;einer;german
31.Jul2021;salud;spanish
31.Jul2021;ven;spanish
31.Jul2021;heute;german
1.Aug2021;arm;german
1.Aug2021;Wand;german
1.Aug2021;buscar;spanish
1.Aug2021;Mexico;spanish
2.Aug2021;Memory;german
2.Aug2021;chanclas;spanish
3.Aug2021;cerrado;spanish
3.Aug2021;Hausschuhe;german
3.Aug2021;toma;spanish
3.Aug2021;botas;spanish
4.Aug2021;salud;spanish
4.Aug2021;danke;spanish
4.Aug2021;bitte;spanish
4.Aug2021;Wohnung;spanish
5.Aug2021;susto;spanish
5.Aug2021;tienes;spanish
5.Aug2021;toalla;spanish
5.Aug2021;zwei;German
5.Aug2021;drei;German
5.Aug2021;vier;German
5.Aug2021;sechs;German
5.Aug2021;sieben;German
5.Aug2021;acht;German
5.Aug2021;zehn;German
5.Aug2021;ICE;German
7.Aug2021;Murmel;German
7.Aug2021;Müll;German
7.Aug2021;putzen;German
7.Aug2021;seis;spanish
7.Aug2021;siete;spanish
7.Aug2021;tienes;spanish
7.Aug2021;saco;spanish
7.Aug2021;lejos;spanish
7.Aug2021;jetzt;german
7.Aug2021;Rino;german
7.Aug2021;tortuga;spanish
8.Aug2021;Barfuß;german
8.Aug2021;sentar;spanish
8.Aug2021;dulce;spanish
8.Aug2021;caliente;spanish
8.Aug2021;Stinktier;german
8.Aug2021;Hase;german
8.Aug2021;leuchten;german
9.Aug2021;Buch;german
9.Aug2021;alleine;german
9.Aug2021;Knäckebrot;german
10.Aug2021;Schaf;german
10.Aug2021;vaca;spanish
10.Aug2021;Hase;german
10.Aug2021;Biene;german
13.Aug2021;ausmalen;german
13.Aug2021;durmiendo;spanish
13.Aug2021;Muncholino;neutral
13.Aug2021;Haargummi;german
14.Aug2021;Ziege;german
14.Aug2021;Fahrrad;german
15.Aug2021;Toll;german
15.Aug2021;Stuhl;german
14.Aug2021;Kuchen;german
16.Aug2021;ballena;spanish
17.Aug2021;zorro;spanish
17.Aug2021;Wind;german
17.Aug2021;lindo;spanish
17.Aug2021;cerdo;spanish
17.Aug2021;planeta;spanish
17.Aug2021;araña;spanish
17.Aug2021;avión;spanish
19.Aug2021;Frosch;german
19.Aug2021;Käsefuss;german
20.Aug2021;so jetzt;german
20.Aug2021;Paprika;german
20.Aug2021;Salat;german
21.Aug2021;Haargummi;german
21.Aug2021;Haferflocken;german
21.Aug2021;schnell;german
22.Aug2021;raton;spanish
13.Aug2021;Wombat;german
22.Aug2021;bolsa;spanish
22.Aug2021;puerta;spanish
22.Aug2021;buenos dias;spanish
22.Aug2021;buenas noches;spanish
23.Aug2021;schneiden;german
23.Aug2021;workout;german
23.Aug2021;Vulva;german
24.Aug2021;mobil;spanish
25.Aug2021;Schweinchen;german
12.Aug2021;amorcito;spanish
26.Aug2021;Supermarkt;german
25.Aug2021;lesen;german
26.Aug2021;rutschig;german
26.Aug2021;haben;german
26.Aug2021;kommen;german
26.Aug2021;anziehen;german
26.Aug2021;ausziehen;german
26.Aug2021;pantalón;spanish
26.Aug2021;t-shirt;spanish
27.Aug2021;abholen;german
28.Aug2021;alle;german
28.Aug2021;tragen;german
28.Aug2021;Herz;german
29.Aug2021;klein;german
29.Aug2021;zart;german
29.Aug2021;schade;german
28.Aug2021;Huhn;german
29.Aug2021;pingüino;spanish
30.Aug2021;bleiben;german
30.Aug2021;verdad;spanish
30.Aug2021;prost;german
30.Aug2021;compu;spanish
30.Aug2021;links;german
30.Aug2021;rechts;german
30.Aug2021;vorne;german
1.Sep2021;Wassermelone;german
1.Sep2021;nochmal;german
2.Sep2021;sauber;german
2.Sep2021;bajar;spanish
2.Sep2021;laufen;spanish
3.Sep2021;vuelan;spanish
3.Sep2021;Hof;german
3.Sep2021;arbeiten;german
4.Sep2021;quienes;spanish
4.Sep2021;sagen;german
4.Sep2021;noch;german
4.Sep2021;letras;spanish
4.Sep2021;Löwe;german
5.Sep2021;kochen;german
6.Sep2021;miedo;spanish
7.Sep2021;fuente;spanish
7.Sep2021;hilfe;german
7.Sep2021;ayuda;spanish
6.Sep2021;Fischlein;german
8.Sep2021;Hallöchen;german
7.Sep2021;doch;german
8.Sep2021;marcas;spanish
8.Sep2021;listos;spanish
8.Sep2021;fuera;spanish
9.Sep2021;Grasshüpfer;german
9.Sep2021;müffeln;german
9.Sep2021;holen;german
10.Sep2021;rein;german
10.Sep2021;sed;spanish
10.Sep2021;Dave;neutral
11.Sep2021;cortar;spanish
10.Sep2021;cerrada;spanish
7.Sep2021;Carrousel;german
10.Sep2021;Stadt;german
10.Sep2021;cabe;spanish
15.Aug2021;Simone;neutral
3.Sep2021;Janice;neutral
27.Aug2021;Ina;neutral
11.Aug2021;Hainer;neutral
11.Jul2021;Kiran;neutral
11.Jul2021;Titus;neutral
25.Aug2021;Mati;neutral
11.Sep2021;fertig;german
11.Sep2021;verletzen;german
12.Sep2021;klopfen;german
12.Sep2021;pared;spanish
13.Sep2021;familia;spanish
13.Sep2021;pásale;spanish
13.Sep2021;balancieren;neutral
13.Sep2021;Lied;german
13.Sep2021;sitzen;german
13.Sep2021;kaufen;german
13.Sep2021;abbeißen;german
13.Sep2021;escalera;spanish
14.Sep2021;flecha;spanish
15.Sep2021;culo;spanish
15.Sep2021;Kimi;neutral
15.Sep2021;zeigen;german
16.Sep2021;einkaufen;german
16.Sep2021;aspiradora;spanish
17.Sep2021;otoño;spanish
18.Sep2021;gucken;german
18.Sep2021;porfis;spanish
18.Sep2021;Fahrrad;german
17.Sep2021;Nuffin;german
19.Sep2021;desayuno;spanish
19.Sep2021;Kuscheltier;german
19.Sep2021;Einhorn;german
19.Sep2021;taladro;spanish
19.Sep2021;bohren;german
20.Sep2021;zeigen;german
23.Sep2021;aufwachen;german
23.Sep2021;Wohnzimmer;german
23.Sep2021;gemacht;german
23.Sep2021;Fußball;german
23.Sep2021;aufräumen;german
23.Sep2021;Koffer;german
24.Sep2021;gluggert;german
24.Sep2021;alarma;spanish
24.Sep2021;Test;german
24.Sep2021;geben;german
24.Sep2021;hingelegt;german
23.Sep2021;nochmal;german
24.Sep2021;kochen;german
26.Sep2021;Schaukel;german
26.Sep2021;jardín;spanish
27.Sep2021;einkaufen;german
27.Sep2021;probieren;german
28.Sep2021;wunderbar;german
28.Sep2021;papel;spanish
28.Sep2021;cortar;spanish
29.Sep2021;Zimmer;german
28.Sep2021;pintar;spanish
29.Sep2021;sauber;german
29.Sep2021;trocken;german
29.Sep2021;Räuberhöhle;german
30.Sep2021;oscuro;spanish
30.Sep2021;Glühwürmchen;german
30.Sep2021;Hose;german
30.Sep2021;Helm;german
1.Oct2021;Kastanie;german
1.Oct2021;runterfallen;german
1.Oct2021;balancieren;german
2.Oct2021;wickeln;german
2.Oct2021;abklöpfen;german
2.Oct2021;suchen;german
2.Oct2021;dran;german
2.Oct2021;loslassen;german
3.Oct2021;spielen;german
4.Oct2021;schade;german
4.Oct2021;Schale;german
5.Oct2021;Schluckauf;german
5.Oct2021;Schwan;german
5.Oct2021;Otter;german
6.Oct2021;Emu;german
6.Oct2021;Dingo;german
6.Oct2021;Canguro;german
6.Oct2021;Schimpanse;german
6.Oct2021;Apfelschorle;german
6.Oct2021;Knopf;german
7.Oct2021;Kinder;german
7.Oct2021;encanta;spanish
7.Oct2021;Natalia;neutral
7.Oct2021;Akku;german
9.Oct2021;Mittagsschlaf;german
9.Oct2021;codo;spanish
9.Oct2021;kratzen;german
9.Oct2021;también;spanish
9.Oct2021;schreiben;spanish
9.Oct2021;Schublade;german
9.Oct2021;cable;spanish
10.Oct2021;ausspucken;german
10.Oct2021;funciona;spanish
11.Oct2021;später;german
11.Oct2021;pronto;spanish
11.Oct2021;seco;spanish
11.Oct2021;canción;spanish
12.Oct2021;porfin;spanish
12.Oct2021;packen;german
12.Oct2021;Hubschrauber;german
13.Oct2021;reír;spanish
13.Oct2021;reparando;spanish
13.Oct2021;aufräumen;german
13.Oct2021;Saft;german
13.Oct2021;Quiche;german
14.Oct2021;Maultasche;german
14.Oct2021;algo;spanish
15.Oct2021;Eisbär;german
15.Oct2021;Backofen;german
15.Oct2021;poquito;spanish
15.Oct2021;provecho;spanish
15.Oct2021;Abendessen;german
16.Oct2021;arcoiris;spanish
16.Oct2021;Abenteuer;german
16.Oct2021;conoce;spanish
17.Oct2021;tope;spanish
17.Oct2021;Junge;german
17.Oct2021;hören;german
18.Oct2021;agarra;spanish
18.Oct2021;vive;spanish
18.Oct2021;Luftballon;german
18.Oct2021;es;german
18.Oct2021;geht’s;german
18.Oct2021;águila;spanish
18.Oct2021;Maya;neutral
18.Oct2021;Heike;neutral
19.Oct2021;Schere;german
19.Oct2021;Geburtstag;german
19.Oct2021;bleiben;german
19.Oct2021;bringen;german
22.Oct2021;erschrecken;german
20.Oct2021;perrito;spanish
22.Oct2021;anrufen;german
22.Oct2021;Doktor;german
23.Oct2021;riechen;german
24.Oct2021;zuerst;german
24.Oct2021;aufschneiden;german
25.Oct2021;aufwachen;german
25.Oct2021;aufstehen;german
25.Oct2021;krank;german
25.Oct2021;Bauchweh;german
25.Oct2021;estómago;spanish
25.Oct2021;Bauchschmerzen;german
25.Oct2021;Angst;german
25.Oct2021;Stiefel;german
26.Oct2021;ButterMasala;neutral
26.Oct2021;pensar;spanish
26.Oct2021;llegó;spanish
26.Oct2021;warten;german
26.Oct2021;hasta luego;spanish
26.Oct2021;jugar;spanish
27.Oct2021;picnic;spanish
27.Oct2021;aufpassen;german
27.Oct2021;Blätterdieb;german
27.Oct2021;falta;spanish
28.Oct2021;vermisst;german
28.Oct2021;abgelenkt;german
29.Oct2021;keine;german
29.Oct2021;wickeln;german
29.Oct2021;sehr gerne;german
29.Oct2021;favorito;spanish
29.Oct2021;Feuerwehr;german
28.Oct2021;wechseln;german
29.Oct2021;aussteigen;german
30.Oct2021;Kiel;german
30.Oct2021;heiße;german
30.Oct2021;Meer;german
30.Oct2021;vacaciones;spanish
31.Oct2021;partir;spanish
31.Oct2021;Hotel;spanish
31.Oct2021;tarjeta;spanish
1.Nov2021;carta;german
1.Nov2021;moment;german
3.Nov2021;molinillo;spanish
1.Nov2021;Robbe;german
3.Nov2021;comezón;spanish
4.Nov2021;cochino;spanish
4.Nov2021;quedito;spanish
4.Nov2021;veo;spanish
4.Nov2021;genau;german
29.Oct2021;Saskia;neutral
3.Nov2021;Ian;neutral
3.Nov2021;muñeco;spanish
4.Nov2021;anbehalten;german
4.Nov2021;parece;spanish
4.Nov2021;baila;spanish
2.Nov2021;Post;german
5.Nov2021;presto;spanish
5.Nov2021;Würfel;german
6.Nov2021;sirena;spanish
7.Nov2021;was;german
7.Nov2021;dorso;spanish
7.Nov2021;patada;spanish
7.Nov2021;pecho;spanish
7.Nov2021;camello;spanish
7.Nov2021;Kamel;german
7.Nov2021;Faultier;german
7.Nov2021;Tischtennisball;german
7.Nov2021;gol;spanish
7.Nov2021;Volleyball;german
7.Nov2021;aber;german
6.Nov2021;pupilentes;spanish
8.Nov2021;Brettspiel;german
8.Nov2021;darf;german
8.Nov2021;aufsperren;german
7.Nov2021;nicht;german
8.Nov2021;agáchense;spanish
8.Nov2021;zuerst;german
8.Nov2021;danach;german
9.Nov2021;todavía;spanish
9.Nov2021;Spotify;neutral
10.Nov2021;wohin;german
10.Nov2021;lastimar;spanish
8.Nov2021;Kürbis;german
10.Nov2021;calabaza;spanish
10.Nov2021;guapo;spanish
7.Nov2021;mejor;spanish
10.Nov2021;lieber;german
10.Nov2021;Brötchen;german
11.Nov2021;Radio;spanish
11.Nov2021;Walnusbrötchen;german
11.Nov2021;Mang- Lassi;neutral
11.Nov2021;aufpassen;german
12.Nov2021;Marmelade;german
12.Nov2021;Butter;german
12. Nov 2021;umdrehen;german
12. Nov 2021;Musikschule;german
11. Nov 2021;Kiki;neutral
13. Nov 2021;Trommel ;german
13. Nov 2021;Lücke;german
16. Nov 2021;estirar ;spanish
16. Nov 2021;stoßen ;german
16. Nov 2021;Autoschlüssel ;german
16. Nov 2021;Wurm;german
16. Nov 2021;Schokopudding;german
16. Nov 2021;tirar;spanish
16. Nov 2021;turno ;spanish
16. Nov 2021;esconder;spanish
16. Nov 2021;verstecken ;german
17. Nov 2021;ganz;german
17. Nov 2021;fantastisch;german
17. Nov 2021;anders;german
19. Nov 2021;Musikschule;german
19. Nov 2021;historia ;spanish
20. Nov 2021;ballet ;spanish
20. Nov 2021;feliz;spanish
20. Nov 2021;Prinzessin ;german
20. Nov 2021;Mal so;german
21. Nov 2021;widermal;german
22. Nov 2021;Heckmeck;neutral
22. Nov 2021;gusano;spanish
24. Nov 2021;Fehlwurf;german
24. Nov 2021;Straße ;german
24. Nov 2021;falsch ;german
25. Nov 2021;dieses;german
25. Nov 2021;Regenbogenfisch;german
26. Nov 2021;mueve;spanish
26. Nov 2021;cintura ;spanish
26. Nov 2021;torre;spanish
26. Nov 2021;Turm;german
27. Nov 2021;Jugendfarm;german
27. Nov 2021;prima;spanish
27. Nov 2021;Eigentor;german
27. Nov 2021;Weiter;spanish
28. Nov 2021;ohne;german
28. Nov 2021;genug;german
28. Nov 2021;amaranto;spanish
28. Nov 2021;drin;german
29. Nov 2021;Untersuchung ;german
29. Nov 2021;Freunde;german
28. Nov 2021;aleman ;spanish
2. Dec 2021;Tannenbaum;german
2. Dec 2021;Nikolaus;german
2. Dec 2021;checar;spanish
2. Dec 2021;Weihnachtsmusik;german
1. Dec 2021;Adventskalender ;german
30. Nov 2021;Kalendar;german
2. Dec 2021;Waschmaschine ;german
3. Dec 2021;clase ;spanish
3. Dec 2021;pirata ;spanish
3. Dec 2021;parche;spanish
3. Dec 2021;brauchen;german
4. Dec 2021;chicos;spanish
5. Dec 2021;escalera;spanish
5. Dec 2021;iguales ;spanish
5. Dec 2021;remolino ;spanish
6. Dec 2021;Quatsch ;german
6. Dec 2021;fragen;spanish
6. Dec 2021;keine;spanish
6. Dec 2021;Absicht;german
6. Dec 2021;Waschbär;german
6. Dec 2021;Königstöchter;german
7. Dec 2021;heute;german
7. Dec 2021;Mittag;german
7. Dec 2021;boleto;spanish
7. Dec 2021;reiten ;spanish
8. Dec 2021;cuento;spanish
8. Dec 2021;Geschichte;german
8. Dec 2021;acabo;spanish
8. Dec 2021;Glocke;german
8. Dec 2021;Jakob;neutral
10. Dec 2021;Gesund;german
7. Dec 2021;die ;german
7. Dec 2021;der;german
8. Dec 2021;la;spanish
8. Dec 2021;los;spanish
10. Dec 2021;wackelig;german
10. Dec 2021;Händekreme;german
11. Dec 2021;glaube ;german
12. Dec 2021;Stroh;german
11. Dec 2021;el;spanish
12. Dec 2021;kurz;german
9. Dec 2021;mañanitas ;spanish
13. Dec 2021;aufgehen;german
13. Dec 2021;runterfliegen;german
13. Dec 2021;Maulwurfhügel;german
13. Dec 2021;fichas ;spanish
14. Dec 2021;vestir ;spanish
16. Dec 2021;Krümel ;german
19. Dec 2021;aufkleben;german
18. Dec 2021;Klingglöckchen;german
20. Dec 2021;kriegt;german
20. Dec 2021;angenehmer ;german
21. Dec 2021;dime;spanish
21. Dec 2021;mande;spanish
17. Dec 2021;con;spanish
21. Dec 2021;para;spanish
10. Dec 2021;von;german
24. Dec 2021;Teig;german
24. Dec 2021;backen ;german
24. Dec 2021;navidad;spanish
23. Dec 2021;arbolito;spanish
25. Dec 2021;jemand;german
25. Dec 2021;einzigartig;german
26. Dec 2021;Domino;german
26. Dec 2021;es;spanisch
28. Dec 2021;lechuga;spanish
28. Dec 2021;verdura;spanish
28. Dec 2021;Wichtel;german
28. Dec 2021;nah;german
29. Dec 2021;claro ;spanish
29. Dec 2021;sabes;spanish
29. Dec 2021;Bruder;german
30. Dec 2021;eng;german
30. Dec 2021;uralt;spanish
30. Dec 2021;creo;spanish
23. Dec 2021;me;spanish
26. Dec 2021;que ;spanish
2. Jan 2022;umdrehen ;german
3. Jan 2022;hierlang;german
4. Jan 2022;compartimos ;spanish
4. Jan 2022;Ruhe;german
4. Jan 2022;Klavier ;german
6. Jan 2022;schwiendlig;german
6. Jan 2022;limpio;spanish
6. Jan 2022;divertido ;spanish
9. Jan 2022;ziehen ;german
8. Jan 2022;traurig;german
9. Jan 2022;etwa;german
9. Jan 2022;french-toast;neutral
13. Jan 2022;Massagebar;german
13. Jan 2022;paseo;spanish
14. Jan 2022;ándale ;spanish
14. Jan 2022;erfrieren ;german
13. Jan 2022;Elch;german
15. Jan 2022;Fisch;german
15. Jan 2022;Stress;german
7. Jan 2022;Adrienne;neutral
3. Jan 2022;Yoga;german
13. Jan 2022;Pause;german
16. Jan 2022;Schule;german
16. Jan 2022;playlist;german
16. Jan 2022;Menschen ;german
16. Jan 2022;paja ;spanish
16. Jan 2022;Pip- Langstrumpf;neutral
16. Jan 2022;Walross;german
16. Jan 2022;Narwal ;german
16. Jan 2022;Welt;german
16. Jan 2022;weit;german
7. Jan 2022;Ärztin ;german
13. Jan 2022;Dibbelabbes;german
24. Dec 2021;regalo ;spanish
24.12.2021;Geschenk ;german
27. Dec 2021;Streithörnchen;german
16. Nov 2021;medicina;spanish
12. Nov 2021;Medizin;german
8. Jan 2022;Würstchen ;german
22. Dec 2021;pur;german
16. Dec 2021;erzählen;german
30. Dec 2021;Deutsch;german
17. Jan 2022;accidente;spanish
17. Jan 2022;bote;spanish
9. Jan 2022;español;spanish
17. Jan 2022;Schnupfen;german
17. Jan 2022;schimpfen;german
17. Jan 2022;Fahrtende;german
17. Jan 2022;compartir ;spanish
8. Jan 2022;morning;neutral
9. Jan 2022;festhalten;german
9. Jan 2022;Kompost;german
7. Jan 2022;Seite;german
7. Jan 2022;Nektar;german
16. Jan 2022;Winter ;german
22. Dec 2021;pata ;spanish
17. Jan 2022;Werkstatt ;german
9. Jan 2022;Cold-Brew;german
17. Jan 2022;Ruhrei ;german
26. Nov 2021;deiner ;german
17 Jan 2022;nur;german